num_of_runs,num_lines,max_length,average_sec,max_secs,min_secs
1000,100,10,0.000202,0.013373,0.000115
1000,1000,10,0.002434,0.016809,0.001048
1000,2000,10,0.005409,0.024682,0.002443
1000,4000,10,0.011325,0.024952,0.006095
1000,8000,10,0.024428,0.034981,0.014021
1000,10000,10,0.031142,0.053214,0.017541
