num_of_runs,num_lines,max_length,average_sec,max_secs,min_secs
1000,100,10,0.000180,0.012622,0.000115
1000,100,15,0.000257,0.013684,0.000151
1000,100,20,0.000416,0.016006,0.000198
1000,100,25,0.000538,0.015920,0.000233
1000,100,30,0.000702,0.017891,0.000273
1000,100,35,0.000840,0.017129,0.000311
1000,100,40,0.000928,0.015483,0.000362
1000,100,45,0.001150,0.017155,0.000433
1000,100,50,0.001087,0.015504,0.000465
