num_of_runs,prefix_length,limit,average sec,max secs,min secs
1000,2,10,0.000001,0.000031,0.000001
1000,4,10,0.000001,0.000011,0.000001
1000,6,10,0.000001,0.000006,0.000001
1000,8,10,0.000001,0.000020,0.000001
