num_of_runs,prefix_length,limit,average_sec,max_secs,min_secs
1000,0,1,0.000004,0.000053,0.000004
1000,0,5,0.000015,0.000031,0.000014
1000,0,10,0.000028,0.000131,0.000025
1000,0,20,0.000056,0.000146,0.000052
1000,0,30,0.000082,0.000203,0.000075
1000,0,50,0.000148,0.000608,0.000135
1000,0,75,0.000205,0.000308,0.000190
1000,0,100,0.000270,0.000444,0.000249